-- phpMyAdmin SQL Dump
-- version 5.2.0
-- https://www.phpmyadmin.net/
--
-- Hôte : 127.0.0.1:3308
-- Généré le : dim. 20 nov. 2022 à 19:00
-- Version du serveur : 5.7.28
-- Version de PHP : 7.4.0

SET SQL_MODE = "NO_AUTO_VALUE_ON_ZERO";
START TRANSACTION;
SET time_zone = "+00:00";


/*!40101 SET @OLD_CHARACTER_SET_CLIENT=@@CHARACTER_SET_CLIENT */;
/*!40101 SET @OLD_CHARACTER_SET_RESULTS=@@CHARACTER_SET_RESULTS */;
/*!40101 SET @OLD_COLLATION_CONNECTION=@@COLLATION_CONNECTION */;
/*!40101 SET NAMES utf8mb4 */;

--
-- Base de données : `getudiants`
--

-- --------------------------------------------------------

--
-- Structure de la table `admins`
--

DROP TABLE IF EXISTS `admins`;
CREATE TABLE IF NOT EXISTS `admins` (
  `id` int(11) NOT NULL AUTO_INCREMENT,
  `username` varchar(255) NOT NULL,
  `email` varchar(255) NOT NULL,
  `password` varchar(255) NOT NULL,
  `avatar` varchar(255) NOT NULL DEFAULT 'user.png',
  `role` varchar(20) DEFAULT 'administrateur',
  `created_at` timestamp NULL DEFAULT CURRENT_TIMESTAMP,
  PRIMARY KEY (`id`)
) ENGINE=MyISAM AUTO_INCREMENT=2 DEFAULT CHARSET=utf8mb4;

--
-- Déchargement des données de la table `admins`
--

INSERT INTO `admins` (`id`, `username`, `email`, `password`, `avatar`, `role`, `created_at`) VALUES
(1, 'ettie.paucek', 'admin@gmail.com', '$2y$10$6ntcjbrPwJQgZ1fqyJGU7efOfWxwFIJ6i8Ici/uhxF09pdOiTr56W', 'user.png', 'administrateur', '2007-04-17 01:31:07');

-- --------------------------------------------------------

--
-- Structure de la table `categories`
--

DROP TABLE IF EXISTS `categories`;
CREATE TABLE IF NOT EXISTS `categories` (
  `id` int(11) NOT NULL AUTO_INCREMENT,
  `categorie_name` varchar(255) NOT NULL,
  PRIMARY KEY (`id`)
) ENGINE=MyISAM AUTO_INCREMENT=3 DEFAULT CHARSET=utf8mb4;

--
-- Déchargement des données de la table `categories`
--

INSERT INTO `categories` (`id`, `categorie_name`) VALUES
(1, 'Primaire'),
(2, 'Secondaire');

-- --------------------------------------------------------

--
-- Structure de la table `etudiants`
--

DROP TABLE IF EXISTS `etudiants`;
CREATE TABLE IF NOT EXISTS `etudiants` (
  `id` int(11) NOT NULL AUTO_INCREMENT,
  `admin_id` int(11) NOT NULL,
  `niveau_id` int(11) NOT NULL,
  `prenom` varchar(255) NOT NULL,
  `nom` varchar(255) NOT NULL,
  `date_de_naissance` varchar(255) NOT NULL,
  `sexe` int(11) NOT NULL,
  `image` varchar(255) NOT NULL DEFAULT 'user.png',
  `created_at` timestamp NOT NULL DEFAULT CURRENT_TIMESTAMP,
  PRIMARY KEY (`id`),
  KEY `admin_id` (`admin_id`),
  KEY `niveau_id` (`niveau_id`)
) ENGINE=MyISAM AUTO_INCREMENT=201 DEFAULT CHARSET=utf8;

--
-- Déchargement des données de la table `etudiants`
--

INSERT INTO `etudiants` (`id`, `admin_id`, `niveau_id`, `prenom`, `nom`, `date_de_naissance`, `sexe`, `image`, `created_at`) VALUES
(1, 1, 12, 'Jo', 'Friesen', '2013-03-12', 0, '2.png', '1994-11-22 02:53:39'),
(2, 1, 4, 'Mathilde', 'Murphy', '2014-04-30', 0, '4.png', '1977-06-02 05:32:24'),
(3, 1, 13, 'Frieda', 'McCullough', '2011-01-11', 1, '4.png', '1996-11-18 00:56:03'),
(4, 1, 1, 'Nola', 'Olson', '2014-05-30', 1, '3.png', '1992-02-08 23:27:48'),
(5, 1, 6, 'Carmine', 'Crooks', '2011-04-28', 0, '2.png', '2014-02-02 04:38:37'),
(6, 1, 4, 'Kristoffer', 'Flatley', '2011-09-15', 1, '3.png', '1976-07-10 17:08:54'),
(7, 1, 2, 'Reid', 'Kiehn', '2011-07-20', 1, '1.png', '2010-06-04 17:53:41'),
(8, 1, 2, 'Forrest', 'Stark', '2011-09-14', 0, '4.png', '1992-11-04 22:42:30'),
(9, 1, 7, 'Darian', 'Green', '2007-08-15', 0, '3.png', '2009-06-30 23:47:26'),
(10, 1, 13, 'Sammie', 'Mitchell', '2011-04-28', 1, '3.png', '2013-08-12 08:06:25'),
(11, 1, 5, 'Angel', 'Davis', '2012-01-24', 0, '3.png', '1992-12-09 04:17:34'),
(12, 1, 6, 'Kaylee', 'Ankunding', '2014-03-29', 1, '2.png', '1997-08-08 23:15:00'),
(13, 1, 12, 'Alvah', 'Gusikowski', '2015-01-27', 1, '2.png', '2020-06-29 17:32:45'),
(14, 1, 4, 'Davonte', 'Schowalter', '2012-04-31', 0, '1.png', '1987-09-26 17:34:54'),
(15, 1, 5, 'Brisa', 'Von', '2016-03-5', 1, '2.png', '1981-06-16 23:26:58'),
(16, 1, 6, 'Salvatore', 'Pouros', '2013-02-11', 1, '3.png', '1985-08-16 22:31:50'),
(17, 1, 9, 'Lea', 'Nader', '2006-02-22', 1, '1.png', '2013-04-22 15:44:59'),
(18, 1, 2, 'Einar', 'Kihn', '2005-09-19', 1, '2.png', '2003-08-21 12:19:54'),
(19, 1, 11, 'Betsy', 'Wiegand', '2015-08-30', 0, '1.png', '1980-01-09 17:08:03'),
(20, 1, 9, 'Leda', 'VonRueden', '2013-09-31', 0, '4.png', '2018-08-22 00:02:15'),
(21, 1, 1, 'Giles', 'Mraz', '2016-04-3', 1, '3.png', '1995-05-16 18:36:14'),
(22, 1, 13, 'Donna', 'Stoltenberg', '2005-04-3', 1, '1.png', '1992-11-05 04:38:29'),
(23, 1, 8, 'Adalberto', 'Nader', '2013-01-13', 1, '2.png', '1982-07-10 07:34:26'),
(24, 1, 13, 'Francesco', 'Mueller', '2007-03-10', 1, '1.png', '2020-07-22 11:23:59'),
(25, 1, 4, 'Liliane', 'Pacocha', '2009-01-30', 0, '3.png', '1999-07-25 15:53:02'),
(26, 1, 9, 'Rosalyn', 'Mosciski', '2013-06-4', 1, '1.png', '1990-10-10 21:27:01'),
(27, 1, 10, 'Rae', 'Ullrich', '2009-02-9', 1, '2.png', '1977-12-18 04:56:12'),
(28, 1, 11, 'Katrina', 'Wuckert', '2007-09-12', 0, '2.png', '1999-06-03 04:00:06'),
(29, 1, 4, 'Hal', 'Senger', '2012-09-22', 1, '1.png', '1983-09-28 17:24:33'),
(30, 1, 3, 'Leonel', 'Marquardt', '2010-03-18', 0, '2.png', '2017-05-03 21:44:29'),
(31, 1, 10, 'Clark', 'West', '2015-01-6', 0, '4.png', '2011-10-23 12:24:38'),
(32, 1, 6, 'Naomie', 'Kutch', '2008-01-1', 1, '1.png', '1989-09-27 06:01:10'),
(33, 1, 6, 'Hoyt', 'Bahringer', '2007-02-13', 1, '1.png', '1991-09-18 19:54:15'),
(34, 1, 11, 'Alvis', 'Kovacek', '2006-01-8', 0, '4.png', '2019-08-08 15:23:36'),
(35, 1, 7, 'Leonor', 'Gorczany', '2008-09-21', 1, '3.png', '2009-02-26 04:46:58'),
(36, 1, 3, 'Jovani', 'Koss', '2016-04-16', 1, '3.png', '1991-11-12 07:51:58'),
(37, 1, 6, 'Alda', 'Zemlak', '2004-06-26', 0, '4.png', '2001-01-05 19:26:37'),
(38, 1, 1, 'Preston', 'Ferry', '2014-09-26', 1, '2.png', '2003-03-26 19:15:27'),
(39, 1, 12, 'Mallory', 'McClure', '2015-09-30', 0, '4.png', '1973-06-05 04:28:35'),
(40, 1, 3, 'Rossie', 'Keeling', '2005-07-8', 1, '2.png', '2005-05-12 13:55:54'),
(41, 1, 9, 'Jace', 'Lesch', '2016-05-28', 1, '3.png', '2002-12-17 21:22:26'),
(42, 1, 1, 'Maynard', 'Kris', '2008-07-20', 1, '3.png', '1979-09-12 10:19:16'),
(43, 1, 6, 'Kylie', 'Jerde', '2012-02-4', 0, '1.png', '2022-03-22 21:40:43'),
(44, 1, 3, 'Lorine', 'Fay', '2007-04-25', 0, '3.png', '1976-09-12 05:18:02'),
(45, 1, 5, 'Delores', 'Mohr', '2013-07-16', 1, '1.png', '2007-06-13 19:15:34'),
(46, 1, 10, 'Lexus', 'Bradtke', '2005-01-7', 0, '4.png', '1971-11-18 12:45:57'),
(47, 1, 11, 'Ellen', 'McCullough', '2014-01-31', 1, '1.png', '2019-03-13 20:56:11'),
(48, 1, 8, 'Sigurd', 'Klein', '2015-09-30', 0, '2.png', '1977-04-01 23:32:24'),
(49, 1, 3, 'Edison', 'Koelpin', '2014-07-13', 1, '3.png', '1974-03-15 15:02:52'),
(50, 1, 2, 'Vince', 'Stark', '2011-03-17', 1, '2.png', '1983-03-08 01:41:45'),
(51, 1, 1, 'Deven', 'Hessel', '2011-07-2', 1, '4.png', '2005-10-23 18:59:31'),
(52, 1, 11, 'Jace', 'Kshlerin', '2010-06-28', 0, '3.png', '2017-04-30 13:00:20'),
(53, 1, 2, 'Alva', 'Rice', '2013-09-16', 1, '1.png', '2007-06-13 04:03:14'),
(54, 1, 4, 'Raphaelle', 'Gleichner', '2008-01-24', 0, '2.png', '2005-06-05 17:24:07'),
(55, 1, 9, 'Yessenia', 'Greenfelder', '2006-02-6', 1, '2.png', '1976-09-27 11:30:09'),
(56, 1, 12, 'Tony', 'West', '2009-04-22', 0, '3.png', '2002-02-05 09:11:26'),
(57, 1, 1, 'Maya', 'Marks', '2007-02-31', 1, '1.png', '2006-05-02 08:17:18'),
(58, 1, 11, 'Maxime', 'Lebsack', '2012-04-8', 0, '1.png', '2011-04-18 09:32:46'),
(59, 1, 9, 'Alvera', 'Gerhold', '2014-04-26', 1, '2.png', '1978-09-14 14:35:57'),
(60, 1, 4, 'Jaquan', 'Bartell', '2013-04-31', 0, '4.png', '1971-05-02 07:42:35'),
(61, 1, 3, 'Lura', 'Schmidt', '2009-08-11', 0, '4.png', '1980-05-31 01:00:39'),
(62, 1, 11, 'Isidro', 'Mraz', '2014-04-21', 0, '4.png', '2010-01-09 09:06:00'),
(63, 1, 11, 'Lyric', 'Leannon', '2015-04-19', 1, '1.png', '1999-04-26 00:34:59'),
(64, 1, 13, 'Kamron', 'Rosenbaum', '2011-09-2', 0, '3.png', '1975-12-03 07:50:01'),
(65, 1, 6, 'Eldridge', 'Pfannerstill', '2007-03-14', 1, '1.png', '2004-09-01 20:57:17'),
(66, 1, 2, 'Lucas', 'Skiles', '2015-05-25', 1, '2.png', '1986-10-07 12:55:17'),
(67, 1, 5, 'Werner', 'Veum', '2007-09-7', 1, '4.png', '2017-03-04 05:03:41'),
(68, 1, 10, 'Jewel', 'Moore', '2006-04-30', 1, '3.png', '2018-05-02 16:15:26'),
(69, 1, 12, 'Larry', 'Greenholt', '2004-03-3', 0, '2.png', '1983-09-21 04:41:35'),
(70, 1, 6, 'Velma', 'Will', '2009-09-6', 0, '4.png', '1976-04-16 23:46:49'),
(71, 1, 13, 'Spencer', 'Gutkowski', '2008-07-19', 0, '2.png', '1988-05-19 04:01:34'),
(72, 1, 1, 'Vincent', 'Rowe', '2008-08-27', 0, '2.png', '2002-06-21 16:28:16'),
(73, 1, 1, 'Leopold', 'Conn', '2011-04-17', 1, '2.png', '1982-05-03 01:35:38'),
(74, 1, 1, 'Damon', 'Nikolaus', '2015-06-11', 0, '2.png', '2014-08-16 02:34:18'),
(75, 1, 9, 'Ima', 'Beatty', '2011-04-11', 0, '3.png', '2001-01-18 00:10:48'),
(76, 1, 1, 'Heather', 'Adams', '2012-01-30', 1, '2.png', '1973-01-28 10:24:16'),
(77, 1, 2, 'Sofia', 'Johns', '2009-02-12', 0, '1.png', '2008-11-16 13:15:20'),
(78, 1, 11, 'Oma', 'Hills', '2014-09-24', 1, '3.png', '2017-11-28 00:41:18'),
(79, 1, 3, 'Lynn', 'Gerhold', '2008-09-18', 1, '2.png', '2012-07-12 05:39:27'),
(80, 1, 13, 'Eric', 'Stark', '2006-07-5', 0, '2.png', '1978-11-16 08:40:46'),
(81, 1, 7, 'Carlee', 'Smitham', '2012-01-17', 1, '3.png', '2008-10-22 13:37:13'),
(82, 1, 8, 'Gay', 'Heaney', '2007-02-8', 0, '2.png', '2001-12-11 22:57:27'),
(83, 1, 12, 'Bonnie', 'Gleason', '2016-05-3', 0, '4.png', '1983-03-15 10:09:26'),
(84, 1, 8, 'Catharine', 'Fay', '2008-09-1', 0, '2.png', '2000-10-07 02:30:22'),
(85, 1, 2, 'Chadrick', 'Kuhic', '2015-09-26', 0, '4.png', '2019-12-25 17:11:44'),
(86, 1, 8, 'Lizeth', 'Beatty', '2015-05-26', 0, '2.png', '1976-09-09 06:45:37'),
(87, 1, 9, 'Delmer', 'Weimann', '2016-06-30', 0, '4.png', '1997-03-11 16:06:04'),
(88, 1, 8, 'Cristian', 'Dibbert', '2007-07-29', 0, '2.png', '1978-07-26 16:53:40'),
(89, 1, 4, 'Rosemary', 'Hintz', '2012-08-9', 0, '3.png', '1981-12-15 20:27:21'),
(90, 1, 5, 'Name', 'Schumm', '2012-07-17', 0, '1.png', '1980-06-28 04:50:12'),
(91, 1, 4, 'Mckenna', 'Considine', '2008-06-6', 1, '3.png', '1978-05-05 18:37:01'),
(92, 1, 6, 'Jasper', 'Harvey', '2015-04-4', 1, '4.png', '2007-05-26 12:51:49'),
(93, 1, 12, 'Karli', 'Hettinger', '2009-03-9', 1, '2.png', '2002-06-06 08:49:46'),
(94, 1, 4, 'Daphnee', 'Fritsch', '2004-08-23', 1, '2.png', '1976-02-13 08:03:41'),
(95, 1, 13, 'Terrill', 'Stark', '2004-09-30', 1, '3.png', '2009-01-01 11:28:05'),
(96, 1, 6, 'Trey', 'Stracke', '2004-03-24', 1, '2.png', '2020-08-18 23:22:30'),
(97, 1, 13, 'Jarrell', 'Gleason', '2005-06-6', 0, '3.png', '1983-06-06 22:57:51'),
(98, 1, 8, 'Moses', 'Johns', '2008-03-14', 1, '1.png', '2001-09-27 07:52:27'),
(99, 1, 11, 'Adah', 'Barton', '2004-05-11', 0, '1.png', '1979-10-27 08:23:20'),
(100, 1, 12, 'Elyse', 'DuBuque', '2010-03-8', 0, '1.png', '1996-07-25 04:38:18'),
(101, 1, 9, 'Adriel', 'Leffler', '2010-06-17', 1, '4.png', '2006-07-19 15:14:09'),
(102, 1, 5, 'Terrance', 'Conroy', '2016-03-13', 1, '1.png', '1994-07-06 18:51:53'),
(103, 1, 9, 'Rex', 'Douglas', '2007-02-27', 0, '1.png', '1999-06-28 17:01:49'),
(104, 1, 2, 'Urban', 'Jerde', '2012-09-17', 0, '1.png', '2001-05-23 10:37:38'),
(105, 1, 12, 'Wanda', 'Schamberger', '2006-05-16', 1, '4.png', '2001-03-05 21:34:52'),
(106, 1, 10, 'Luz', 'Lindgren', '2012-02-13', 1, '1.png', '2013-12-23 05:16:27'),
(107, 1, 10, 'Elsie', 'Sauer', '2008-09-14', 1, '4.png', '2020-01-19 00:33:14'),
(108, 1, 7, 'Robbie', 'Schulist', '2004-07-28', 0, '1.png', '1979-12-06 18:22:35'),
(109, 1, 7, 'Ansley', 'Howe', '2011-08-20', 0, '2.png', '1990-08-03 04:06:10'),
(110, 1, 11, 'Jonas', 'Smith', '2014-06-1', 0, '3.png', '2005-12-25 21:28:20'),
(111, 1, 6, 'Rollin', 'Torphy', '2014-09-31', 0, '3.png', '1996-11-10 07:16:58'),
(112, 1, 8, 'Alfonso', 'Anderson', '2011-08-17', 1, '2.png', '1979-10-06 10:23:03'),
(113, 1, 13, 'Elissa', 'Corkery', '2007-09-23', 1, '1.png', '1980-04-06 12:22:52'),
(114, 1, 9, 'Alexandria', 'Leuschke', '2010-09-15', 0, '3.png', '2011-03-30 23:15:53'),
(115, 1, 3, 'Allison', 'Ledner', '2015-05-27', 1, '4.png', '2018-07-24 15:00:52'),
(116, 1, 6, 'Emily', 'Kozey', '2008-01-14', 0, '2.png', '1993-05-04 05:59:51'),
(117, 1, 2, 'Shaniya', 'Jacobson', '2014-02-5', 0, '4.png', '1973-06-20 14:13:13'),
(118, 1, 11, 'Lorenza', 'Wehner', '2008-02-18', 0, '2.png', '2003-05-15 10:29:58'),
(119, 1, 13, 'Neil', 'Kassulke', '2012-08-18', 0, '4.png', '2012-06-21 02:31:20'),
(120, 1, 4, 'Myrtle', 'Greenholt', '2013-07-8', 1, '3.png', '2007-01-17 18:40:42'),
(121, 1, 10, 'Carlos', 'DuBuque', '2014-06-29', 0, '1.png', '1998-11-21 00:18:46'),
(122, 1, 11, 'Ansel', 'Klein', '2007-04-12', 1, '1.png', '2019-01-22 03:29:28'),
(123, 1, 3, 'Desmond', 'Smith', '2007-08-28', 1, '1.png', '2016-02-13 10:00:35'),
(124, 1, 8, 'Libbie', 'Cummings', '2009-03-31', 0, '2.png', '1990-02-20 10:36:50'),
(125, 1, 6, 'Verner', 'Cartwright', '2012-01-3', 1, '1.png', '2001-04-08 19:17:26'),
(126, 1, 7, 'Hester', 'Marquardt', '2010-01-6', 0, '2.png', '1972-05-16 12:13:16'),
(127, 1, 13, 'Daisy', 'Monahan', '2015-04-18', 1, '2.png', '1992-08-16 16:26:32'),
(128, 1, 8, 'Emmalee', 'Schamberger', '2011-05-9', 1, '3.png', '1978-01-06 18:18:49'),
(129, 1, 7, 'Toy', 'Hintz', '2014-07-28', 0, '1.png', '1981-05-03 04:21:26'),
(130, 1, 3, 'Teresa', 'Hermann', '2004-06-3', 1, '3.png', '1971-07-06 10:00:05'),
(131, 1, 13, 'Issac', 'DuBuque', '2013-02-5', 0, '3.png', '1975-03-29 13:02:42'),
(132, 1, 8, 'Jabari', 'Fisher', '2006-03-17', 1, '2.png', '2012-11-07 16:55:46'),
(133, 1, 6, 'Donnie', 'Grant', '2012-04-30', 1, '1.png', '1988-06-13 03:10:50'),
(134, 1, 7, 'Zelda', 'Carroll', '2015-08-21', 1, '3.png', '2011-08-17 00:34:44'),
(135, 1, 7, 'Esmeralda', 'Denesik', '2010-08-13', 1, '4.png', '1992-07-15 23:04:10'),
(136, 1, 7, 'Olga', 'Torp', '2006-03-13', 1, '2.png', '1979-12-07 12:08:41'),
(137, 1, 11, 'Fern', 'Schmeler', '2005-06-24', 0, '4.png', '1971-11-29 12:36:14'),
(138, 1, 2, 'Elda', 'Thompson', '2010-03-20', 0, '1.png', '2010-04-20 15:15:26'),
(139, 1, 12, 'Jewell', 'Franecki', '2011-06-30', 0, '4.png', '1993-02-23 22:27:53'),
(140, 1, 7, 'Ike', 'Ziemann', '2012-02-15', 0, '3.png', '2010-03-01 19:24:35'),
(141, 1, 7, 'Gerhard', 'Predovic', '2013-05-2', 0, '2.png', '1971-10-26 09:34:41'),
(142, 1, 10, 'Vida', 'Kovacek', '2007-04-1', 1, '4.png', '2017-10-05 09:18:21'),
(143, 1, 6, 'Thaddeus', 'Schulist', '2008-08-23', 1, '1.png', '1977-07-24 10:30:14'),
(144, 1, 10, 'Isom', 'VonRueden', '2010-02-8', 0, '1.png', '2000-08-20 08:19:57'),
(145, 1, 11, 'Maude', 'Feil', '2006-07-6', 0, '3.png', '1998-08-17 00:03:03'),
(146, 1, 4, 'Winston', 'Mitchell', '2014-06-5', 0, '3.png', '2018-09-11 16:14:26'),
(147, 1, 13, 'Lorenz', 'Kirlin', '2008-05-15', 0, '2.png', '1980-04-16 13:23:45'),
(148, 1, 3, 'Aisha', 'Volkman', '2015-05-18', 0, '1.png', '1991-06-26 18:50:53'),
(149, 1, 13, 'Caesar', 'Mills', '2014-05-10', 0, '2.png', '2020-02-24 02:51:54'),
(150, 1, 10, 'Isom', 'Lubowitz', '2014-03-2', 1, '3.png', '1988-04-06 00:52:13'),
(151, 1, 13, 'Marlen', 'VonRueden', '2013-09-4', 0, '4.png', '1979-10-22 08:57:17'),
(152, 1, 2, 'Kennedi', 'Lebsack', '2007-09-1', 1, '1.png', '2019-07-04 02:20:15'),
(153, 1, 3, 'Dandre', 'Weber', '2011-08-13', 0, '3.png', '1984-05-08 19:23:45'),
(154, 1, 9, 'Sadye', 'Waters', '2016-05-3', 0, '4.png', '1993-10-15 07:10:56'),
(155, 1, 10, 'Myah', 'Ortiz', '2004-08-28', 1, '4.png', '1983-03-05 19:54:46'),
(156, 1, 9, 'Torrey', 'Cormier', '2009-01-24', 1, '1.png', '2003-08-31 16:02:00'),
(157, 1, 5, 'Savanna', 'Bosco', '2014-02-13', 1, '1.png', '2019-05-23 13:52:50'),
(158, 1, 7, 'Owen', 'Kessler', '2014-06-17', 1, '3.png', '1992-01-10 15:51:09'),
(159, 1, 1, 'Vincenzo', 'Walsh', '2005-05-1', 1, '2.png', '1972-09-30 02:39:22'),
(160, 1, 4, 'Karley', 'Moen', '2008-06-1', 0, '1.png', '1975-05-07 00:53:49'),
(161, 1, 13, 'Sibyl', 'Dare', '2012-06-1', 1, '4.png', '2004-08-03 04:10:09'),
(162, 1, 7, 'Wendy', 'Reichel', '2014-02-26', 0, '1.png', '2017-11-22 13:38:01'),
(163, 1, 6, 'Lilyan', 'Russel', '2011-02-30', 0, '4.png', '2002-07-13 10:19:09'),
(164, 1, 6, 'Patsy', 'Kuhic', '2012-05-11', 0, '1.png', '2022-06-20 19:44:26'),
(165, 1, 1, 'Heber', 'Dooley', '2015-04-27', 0, '1.png', '1993-11-27 23:06:38'),
(166, 1, 2, 'Dina', 'Cummings', '2016-01-19', 1, '4.png', '1977-12-28 08:21:32'),
(167, 1, 6, 'Faustino', 'Padberg', '2012-01-23', 1, '3.png', '2008-09-06 21:39:35'),
(168, 1, 7, 'Emmett', 'Friesen', '2005-01-9', 0, '2.png', '2004-11-02 06:29:53'),
(169, 1, 12, 'Dominique', 'Gerhold', '2009-01-21', 1, '3.png', '2016-09-15 19:06:20'),
(170, 1, 6, 'Cristobal', 'Spencer', '2016-07-25', 0, '3.png', '2011-07-26 04:04:53'),
(171, 1, 8, 'Cruz', 'Weimann', '2010-08-5', 1, '1.png', '2006-11-25 21:37:32'),
(172, 1, 4, 'Buster', 'Toy', '2015-02-12', 0, '2.png', '2020-09-05 23:35:19'),
(173, 1, 13, 'Orie', 'Kovacek', '2016-05-20', 1, '4.png', '1981-03-28 18:25:49'),
(174, 1, 4, 'Solon', 'Anderson', '2006-04-8', 0, '4.png', '2009-08-28 12:12:06'),
(175, 1, 1, 'Owen', 'Wilderman', '2013-06-21', 1, '2.png', '2022-10-22 09:13:54'),
(176, 1, 3, 'Sydney', 'Feest', '2004-09-15', 1, '4.png', '1995-05-12 06:24:36'),
(177, 1, 11, 'Georgiana', 'Lubowitz', '2015-07-18', 0, '2.png', '1992-09-19 09:23:51'),
(178, 1, 7, 'Elvis', 'Konopelski', '2015-08-28', 1, '1.png', '2012-10-12 15:04:03'),
(179, 1, 3, 'Kip', 'Thiel', '2006-08-14', 0, '2.png', '1988-02-11 04:55:19'),
(180, 1, 10, 'Roscoe', 'Emmerich', '2005-03-6', 0, '3.png', '2020-03-05 23:09:15'),
(181, 1, 12, 'Jeremie', 'Stokes', '2015-08-18', 0, '2.png', '1974-04-12 03:57:20'),
(182, 1, 5, 'Dorothy', 'Lebsack', '2012-03-28', 0, '3.png', '1981-07-03 08:43:22'),
(183, 1, 1, 'Jillian', 'Morissette', '2006-03-14', 0, '2.png', '1985-04-21 02:41:02'),
(184, 1, 2, 'Max', 'Jenkins', '2013-03-8', 1, '3.png', '2022-08-07 09:11:30'),
(185, 1, 12, 'Kennith', 'Stracke', '2016-06-21', 1, '1.png', '1994-01-08 18:47:48'),
(186, 1, 2, 'Newell', 'Pfannerstill', '2015-03-20', 1, '1.png', '2004-03-03 20:36:14'),
(187, 1, 9, 'Amber', 'Johns', '2013-05-2', 1, '4.png', '2018-04-15 16:00:25'),
(188, 1, 9, 'Julien', 'Price', '2007-05-23', 0, '1.png', '1970-06-20 08:06:46'),
(189, 1, 2, 'Aiyana', 'Upton', '2009-01-17', 0, '2.png', '1991-11-21 08:42:16'),
(190, 1, 7, 'Adriana', 'Collins', '2007-04-24', 1, '4.png', '1979-04-04 22:42:35'),
(191, 1, 11, 'Katelyn', 'Crooks', '2006-03-22', 0, '1.png', '1973-03-09 16:54:18'),
(192, 1, 10, 'Barbara', 'Gorczany', '2015-09-11', 1, '2.png', '2016-09-09 06:29:12'),
(193, 1, 4, 'Stephanie', 'Lebsack', '2007-01-26', 0, '1.png', '2018-08-15 00:08:47'),
(194, 1, 10, 'Jacquelyn', 'Kshlerin', '2006-02-31', 1, '3.png', '1993-04-14 19:40:45'),
(195, 1, 10, 'Harmon', 'Gutmann', '2007-09-7', 1, '2.png', '2003-03-22 09:54:42'),
(196, 1, 8, 'Johathan', 'Schinner', '2014-07-25', 0, '2.png', '2019-08-26 11:14:30'),
(197, 1, 3, 'Mekhi', 'Schowalter', '2009-03-31', 0, '2.png', '1997-10-29 23:37:54'),
(198, 1, 1, 'Madelynn', 'Ferry', '2007-09-9', 0, '3.png', '1983-05-19 06:42:03'),
(199, 1, 4, 'Terrill', 'Schimmel', '2014-01-27', 0, '4.png', '2002-07-09 23:12:11'),
(200, 1, 9, 'Mark', 'Johnston', '2008-05-29', 1, '2.png', '2010-09-02 10:16:01');

-- --------------------------------------------------------

--
-- Structure de la table `niveaus`
--

DROP TABLE IF EXISTS `niveaus`;
CREATE TABLE IF NOT EXISTS `niveaus` (
  `id` int(11) NOT NULL AUTO_INCREMENT,
  `categorie_id` int(11) NOT NULL,
  `niveau` varchar(255) NOT NULL,
  PRIMARY KEY (`id`),
  KEY `categorie_id` (`categorie_id`)
) ENGINE=MyISAM AUTO_INCREMENT=14 DEFAULT CHARSET=utf8mb4;

--
-- Déchargement des données de la table `niveaus`
--

INSERT INTO `niveaus` (`id`, `categorie_id`, `niveau`) VALUES
(1, 1, '12<sup>eme</sup>'),
(2, 1, '11<sup>eme</sup>'),
(3, 1, '10<sup>eme</sup>'),
(4, 1, '9<sup>eme</sup>'),
(5, 1, '8<sup>eme</sup>'),
(6, 1, '7<sup>eme</sup>'),
(7, 2, '6<sup>eme</sup>'),
(8, 2, '5<sup>eme</sup>'),
(9, 2, '4<sup>eme</sup>'),
(10, 2, '3<sup>eme</sup>'),
(11, 2, '2<sup>nd</sup>'),
(12, 2, '1<sup>ere</sup>'),
(13, 2, 'Terminal');
COMMIT;

/*!40101 SET CHARACTER_SET_CLIENT=@OLD_CHARACTER_SET_CLIENT */;
/*!40101 SET CHARACTER_SET_RESULTS=@OLD_CHARACTER_SET_RESULTS */;
/*!40101 SET COLLATION_CONNECTION=@OLD_COLLATION_CONNECTION */;
